Workbook

Sheet لوحة التحكم
A1: لوحة التحكم — مشروع 3D Makers (شراكة محمد علايا & نبيل دبّاس)
B3: 💰 رأس المال (على محمد)
B4: إجمالي رأس المال المستثمر | C4: =SUM('رأس المال'!C3:C100) -> 0
B5: منه: ثمن الطابعة ثلاثية الأبعاد | C5: ='رأس المال'!C3 -> 0
B7: 🛒 المبيعات والإيرادات
B8: عدد القطع المباعة | C8: =SUM('سجل المبيعات'!C3:C202) -> 0
B9: إجمالي الإيرادات | C9: =SUM('سجل المبيعات'!G3:G202) -> 0
B10: تكلفة التشغيل (فيلمنت + عائد طابعة + أخرى) | C10: =SUM('سجل المبيعات'!H3:H202) -> 0
B11: ربح المبيعات | C11: =SUM('سجل المبيعات'!J3:J202) -> 0
B13: 📣 المصاريف التشغيلية
B14: إجمالي مصاريف الإعلانات | C14: =SUM(الإعلانات!C3:C100) -> 0
B16: 📈 صافي الربح والتوزيع
B17: صافي الربح القابل للتوزيع (بعد الإعلانات) | C17: =SUM('سجل المبيعات'!J3:J202)-SUM(الإعلانات!C3:C100) -> 0
B18: حصة محمد | C18: ='توزيع الأرباح'!C5 -> 0
B19: حصة نبيل | C19: ='توزيع الأرباح'!C6 -> 0
B21: 🖨️ استرداد رأس مال الطابعة
B22: احتياطي استرداد الطابعة (متراكم) | C22: =SUM('سجل المبيعات'!I3:I202) -> 0
B23: المتبقي لاسترداد ثمن الطابعة | C23: ='رأس المال'!C3-SUM('سجل المبيعات'!I3:I202) -> 0
B24: نسبة استرداد الطابعة | C24: =IFERROR(SUM('سجل المبيعات'!I3:I202)/'رأس المال'!C3,0) -> 0

Sheet رأس المال
A1: رأس المال والمصاريف التأسيسية (على محمد)
A2: البند | B2: التاريخ | C2: المبلغ المدفوع ($) | D2: ملاحظات
A3: الطابعة ثلاثية الأبعاد | D3: ⚠️ يجب أن يبقى هذا أول بند (يُستخدم لحساب استرداد الطابعة)
A4: الموقع الإلكتروني (المتجر) | D4: تكلفة بناء/استضافة المتجر
A5: مواد وملحقات أولية | D5: أول كمية فيلمنت/إكسسوارات
A102: الإجمالي | C102: =SUM(C3:C100) -> 0

Sheet مشتريات الفيلمنت
A1: سجل مشتريات الفيلمنت (المصروف النقدي الفعلي للمواد)
A2: التاريخ | B2: الكمية (غرام) | C2: التكلفة ($) | D2: ملاحظات (اللون/النوع/المورد)
A102: الإجمالي | B102: =SUM(B3:B100) -> 0 | C102: =SUM(C3:C100) -> 0

Sheet كتالوج المنتجات والتسعير
A1: كتالوج المنتجات وحاسبة التسعير
A2: سعر الـ 1000 غرام فيلمنت ($) | B2: 15 | D2: 🟨 الخلايا الصفراء = أرقام تعدّلها انت
A3: تكلفة الغرام الواحد ($) | B3: =B2/1000 -> 0.015 | D3: باقي الأعمدة تُحسب تلقائياً
A4: عائد الطابعة لكل ساعة تشغيل ($) | B4: 0.3
A6: المنتج / القطعة | B6: وزن الفيلمنت (غرام) | C6: ساعات الطباعة | D6: تكاليف أخرى ($) | E6: تكلفة الفيلمنت ($) | F6: عائد الطابعة ($) | G6: إجمالي التكلفة ($) | H6: سعر البيع ($) | I6: ربح الوحدة ($) | J6: الهامش %
A7: علاقة مفاتيح | B7: 25 | C7: 1.5 | D7: 0.2 | E7: =B7*$B$3 -> 0.375 | F7: =C7*$B$4 -> 0.45 | G7: =E7+F7+D7 -> 1.025 | H7: 2.5 | I7: =H7-G7 -> 1.475 | J7: =IFERROR(I7/H7,0) -> 0.59
A8: مجسم ديكور صغير | B8: 80 | C8: 4 | D8: 0.5 | E8: =B8*$B$3 -> 1.2 | F8: =C8*$B$4 -> 1.2 | G8: =E8+F8+D8 -> 2.9 | H8: 8 | I8: =H8-G8 -> 5.1 | J8: =IFERROR(I8/H8,0) -> 0.6375
A9: حامل موبايل | B9: 120 | C9: 5 | D9: 0.5 | E9: =B9*$B$3 -> 1.8 | F9: =C9*$B$4 -> 1.5 | G9: =E9+F9+D9 -> 3.8 | H9: 10 | I9: =H9-G9 -> 6.2 | J9: =IFERROR(I9/H9,0) -> 0.62
E10: =B10*$B$3 -> 0 | F10: =C10*$B$4 -> 0 | G10: =E10+F10+D10 -> 0 | I10: =H10-G10 -> 0 | J10: =IFERROR(I10/H10,0) -> 0
E11: =B11*$B$3 -> 0 | F11: =C11*$B$4 -> 0 | G11: =E11+F11+D11 -> 0 | I11: =H11-G11 -> 0 | J11: =IFERROR(I11/H11,0) -> 0
E12: =B12*$B$3 -> 0 | F12: =C12*$B$4 -> 0 | G12: =E12+F12+D12 -> 0 | I12: =H12-G12 -> 0 | J12: =IFERROR(I12/H12,0) -> 0
E13: =B13*$B$3 -> 0 | F13: =C13*$B$4 -> 0 | G13: =E13+F13+D13 -> 0 | I13: =H13-G13 -> 0 | J13: =IFERROR(I13/H13,0) -> 0
E14: =B14*$B$3 -> 0 | F14: =C14*$B$4 -> 0 | G14: =E14+F14+D14 -> 0 | I14: =H14-G14 -> 0 | J14: =IFERROR(I14/H14,0) -> 0
E15: =B15*$B$3 -> 0 | F15: =C15*$B$4 -> 0 | G15: =E15+F15+D15 -> 0 | I15: =H15-G15 -> 0 | J15: =IFERROR(I15/H15,0) -> 0
E16: =B16*$B$3 -> 0 | F16: =C16*$B$4 -> 0 | G16: =E16+F16+D16 -> 0 | I16: =H16-G16 -> 0 | J16: =IFERROR(I16/H16,0) -> 0
E17: =B17*$B$3 -> 0 | F17: =C17*$B$4 -> 0 | G17: =E17+F17+D17 -> 0 | I17: =H17-G17 -> 0 | J17: =IFERROR(I17/H17,0) -> 0
E18: =B18*$B$3 -> 0 | F18: =C18*$B$4 -> 0 | G18: =E18+F18+D18 -> 0 | I18: =H18-G18 -> 0 | J18: =IFERROR(I18/H18,0) -> 0
E19: =B19*$B$3 -> 0 | F19: =C19*$B$4 -> 0 | G19: =E19+F19+D19 -> 0 | I19: =H19-G19 -> 0 | J19: =IFERROR(I19/H19,0) -> 0
E20: =B20*$B$3 -> 0 | F20: =C20*$B$4 -> 0 | G20: =E20+F20+D20 -> 0 | I20: =H20-G20 -> 0 | J20: =IFERROR(I20/H20,0) -> 0
E21: =B21*$B$3 -> 0 | F21: =C21*$B$4 -> 0 | G21: =E21+F21+D21 -> 0 | I21: =H21-G21 -> 0 | J21: =IFERROR(I21/H21,0) -> 0
... E36: =B36*$B$3 -> 0 | F36: =C36*$B$4 -> 0 | G36: =E36+F36+D36 -> 0 | I36: =H36-G36 -> 0 | J36: =IFERROR(I36/H36,0) -> 0

Sheet سجل المبيعات
A1: سجل المبيعات
A2: التاريخ | B2: المنتج (اختر من القائمة) | C2: الكمية | D2: سعر البيع/وحدة ($) | E2: تكلفة الوحدة ($) | F2: عائد طابعة/وحدة ($) | G2: إجمالي الإيراد ($) | H2: إجمالي التكلفة ($) | I2: عائد الطابعة ($) | J2: صافي الربح ($)
D3: =IFERROR(VLOOKUP(B3,'كتالوج المنتجات والتسعير'!$A$7:$J$36,8,FALSE()),0) -> 0 | E3: =IFERROR(VLOOKUP(B3,'كتالوج المنتجات والتسعير'!$A$7:$J$36,7,FALSE()),0) -> 0 | F3: =IFERROR(VLOOKUP(B3,'كتالوج المنتجات والتسعير'!$A$7:$J$36,6,FALSE()),0) -> 0 | G3: =C3*D3 -> 0 | H3: =C3*E3 -> 0 | I3: =C3*F3 -> 0 | J3: =G3-H3 -> 0
D4: =IFERROR(VLOOKUP(B4,'كتالوج المنتجات والتسعير'!$A$7:$J$36,8,FALSE()),0) -> 0 | E4: =IFERROR(VLOOKUP(B4,'كتالوج المنتجات والتسعير'!$A$7:$J$36,7,FALSE()),0) -> 0 | F4: =IFERROR(VLOOKUP(B4,'كتالوج المنتجات والتسعير'!$A$7:$J$36,6,FALSE()),0) -> 0 | G4: =C4*D4 -> 0 | H4: =C4*E4 -> 0 | I4: =C4*F4 -> 0 | J4: =G4-H4 -> 0
D5: =IFERROR(VLOOKUP(B5,'كتالوج المنتجات والتسعير'!$A$7:$J$36,8,FALSE()),0) -> 0 | E5: =IFERROR(VLOOKUP(B5,'كتالوج المنتجات والتسعير'!$A$7:$J$36,7,FALSE()),0) -> 0 | F5: =IFERROR(VLOOKUP(B5,'كتالوج المنتجات والتسعير'!$A$7:$J$36,6,FALSE()),0) -> 0 | G5: =C5*D5 -> 0 | H5: =C5*E5 -> 0 | I5: =C5*F5 -> 0 | J5: =G5-H5 -> 0
D6: =IFERROR(VLOOKUP(B6,'كتالوج المنتجات والتسعير'!$A$7:$J$36,8,FALSE()),0) -> 0 | E6: =IFERROR(VLOOKUP(B6,'كتالوج المنتجات والتسعير'!$A$7:$J$36,7,FALSE()),0) -> 0 | F6: =IFERROR(VLOOKUP(B6,'كتالوج المنتجات والتسعير'!$A$7:$J$36,6,FALSE()),0) -> 0 | G6: =C6*D6 -> 0 | H6: =C6*E6 -> 0 | I6: =C6*F6 -> 0 | J6: =G6-H6 -> 0
D7: =IFERROR(VLOOKUP(B7,'كتالوج المنتجات والتسعير'!$A$7:$J$36,8,FALSE()),0) -> 0 | E7: =IFERROR(VLOOKUP(B7,'كتالوج المنتجات والتسعير'!$A$7:$J$36,7,FALSE()),0) -> 0 | F7: =IFERROR(VLOOKUP(B7,'كتالوج المنتجات والتسعير'!$A$7:$J$36,6,FALSE()),0) -> 0 | G7: =C7*D7 -> 0 | H7: =C7*E7 -> 0 | I7: =C7*F7 -> 0 | J7: =G7-H7 -> 0
D8: =IFERROR(VLOOKUP(B8,'كتالوج المنتجات والتسعير'!$A$7:$J$36,8,FALSE()),0) -> 0 | E8: =IFERROR(VLOOKUP(B8,'كتالوج المنتجات والتسعير'!$A$7:$J$36,7,FALSE()),0) -> 0 | F8: =IFERROR(VLOOKUP(B8,'كتالوج المنتجات والتسعير'!$A$7:$J$36,6,FALSE()),0) -> 0 | G8: =C8*D8 -> 0 | H8: =C8*E8 -> 0 | I8: =C8*F8 -> 0 | J8: =G8-H8 -> 0
D9: =IFERROR(VLOOKUP(B9,'كتالوج المنتجات والتسعير'!$A$7:$J$36,8,FALSE()),0) -> 0 | E9: =IFERROR(VLOOKUP(B9,'كتالوج المنتجات والتسعير'!$A$7:$J$36,7,FALSE()),0) -> 0 | F9: =IFERROR(VLOOKUP(B9,'كتالوج المنتجات والتسعير'!$A$7:$J$36,6,FALSE()),0) -> 0 | G9: =C9*D9 -> 0 | H9: =C9*E9 -> 0 | I9: =C9*F9 -> 0 | J9: =G9-H9 -> 0
D10: =IFERROR(VLOOKUP(B10,'كتالوج المنتجات والتسعير'!$A$7:$J$36,8,FALSE()),0) -> 0 | E10: =IFERROR(VLOOKUP(B10,'كتالوج المنتجات والتسعير'!$A$7:$J$36,7,FALSE()),0) -> 0 | F10: =IFERROR(VLOOKUP(B10,'كتالوج المنتجات والتسعير'!$A$7:$J$36,6,FALSE()),0) -> 0 | G10: =C10*D10 -> 0 | H10: =C10*E10 -> 0 | I10: =C10*F10 -> 0 | J10: =G10-H10 -> 0
D11: =IFERROR(VLOOKUP(B11,'كتالوج المنتجات والتسعير'!$A$7:$J$36,8,FALSE()),0) -> 0 | E11: =IFERROR(VLOOKUP(B11,'كتالوج المنتجات والتسعير'!$A$7:$J$36,7,FALSE()),0) -> 0 | F11: =IFERROR(VLOOKUP(B11,'كتالوج المنتجات والتسعير'!$A$7:$J$36,6,FALSE()),0) -> 0 | G11: =C11*D11 -> 0 | H11: =C11*E11 -> 0 | I11: =C11*F11 -> 0 | J11: =G11-H11 -> 0
D12: =IFERROR(VLOOKUP(B12,'كتالوج المنتجات والتسعير'!$A$7:$J$36,8,FALSE()),0) -> 0 | E12: =IFERROR(VLOOKUP(B12,'كتالوج المنتجات والتسعير'!$A$7:$J$36,7,FALSE()),0) -> 0 | F12: =IFERROR(VLOOKUP(B12,'كتالوج المنتجات والتسعير'!$A$7:$J$36,6,FALSE()),0) -> 0 | G12: =C12*D12 -> 0 | H12: =C12*E12 -> 0 | I12: =C12*F12 -> 0 | J12: =G12-H12 -> 0
D13: =IFERROR(VLOOKUP(B13,'كتالوج المنتجات والتسعير'!$A$7:$J$36,8,FALSE()),0) -> 0 | E13: =IFERROR(VLOOKUP(B13,'كتالوج المنتجات والتسعير'!$A$7:$J$36,7,FALSE()),0) -> 0 | F13: =IFERROR(VLOOKUP(B13,'كتالوج المنتجات والتسعير'!$A$7:$J$36,6,FALSE()),0) -> 0 | G13: =C13*D13 -> 0 | H13: =C13*E13 -> 0 | I13: =C13*F13 -> 0 | J13: =G13-H13 -> 0
D14: =IFERROR(VLOOKUP(B14,'كتالوج المنتجات والتسعير'!$A$7:$J$36,8,FALSE()),0) -> 0 | E14: =IFERROR(VLOOKUP(B14,'كتالوج المنتجات والتسعير'!$A$7:$J$36,7,FALSE()),0) -> 0 | F14: =IFERROR(VLOOKUP(B14,'كتالوج المنتجات والتسعير'!$A$7:$J$36,6,FALSE()),0) -> 0 | G14: =C14*D14 -> 0 | H14: =C14*E14 -> 0 | I14: =C14*F14 -> 0 | J14: =G14-H14 -> 0
... D202: =IFERROR(VLOOKUP(B202,'كتالوج المنتجات والتسعير'!$A$7:$J$36,8,FALSE()),0) -> 0 | E202: =IFERROR(VLOOKUP(B202,'كتالوج المنتجات والتسعير'!$A$7:$J$36,7,FALSE()),0) -> 0 | F202: =IFERROR(VLOOKUP(B202,'كتالوج المنتجات والتسعير'!$A$7:$J$36,6,FALSE()),0) -> 0 | G202: =C202*D202 -> 0 | H202: =C202*E202 -> 0 | I202: =C202*F202 -> 0 | J202: =G202-H202 -> 0
B204: الإجمالي | C204: =SUM(C3:C202) -> 0 | G204: =SUM(G3:G202) -> 0 | H204: =SUM(H3:H202) -> 0 | I204: =SUM(I3:I202) -> 0 | J204: =SUM(J3:J202) -> 0

Sheet الإعلانات
A1: سجل مصاريف الإعلانات
A2: التاريخ | B2: المنصة | C2: المبلغ ($) | D2: الحملة/المنتج | E2: النتيجة (مبيعات/تفاعل)
B102: الإجمالي | C102: =SUM(C3:C100) -> 0

Sheet توزيع الأرباح
A1: توزيع الأرباح بين الشريكين
B2: نسبة محمد % | C2: 0.5
B3: نسبة نبيل % | C3: =1-C2 -> 0.5
B4: صافي الربح القابل للتوزيع ($) | C4: ='لوحة التحكم'!C17 -> 0
B5: حصة محمد ($) | C5: =C4*C2 -> 0
B6: حصة نبيل ($) | C6: =C4*C3 -> 0
B8: ملاحظة: استرداد رأس المال (الطابعة/الموقع) يتم بشكل منفصل عن توزيع الأرباح — راجع لوحة التحكم وبند العقد.

Sheet 📘 دليل الاستخدام
A1: دليل الاستخدام السريع
B2: آلية العمل بإيجاز:
B3: 1) رأس المال: سجّل فيه كل ما دفعه محمد (الطابعة أولاً، ثم الموقع، ثم المواد...). الخلية الصفراء = المبلغ.
B4: 2) مشتريات الفيلمنت: كل مرة تشتري فيلمنت سجّل الكمية والسعر (هذا المصروف النقدي الفعلي للمواد).
B5: 3) كتالوج المنتجات والتسعير: عرّف كل منتج مرة واحدة (الوزن بالغرام + ساعات الطباعة + تكاليف أخرى)، وحدد سعر البيع. النظام يحسب التكلفة والربح والهامش تلقائياً.
B6: • تكلفة الفيلمنت = الوزن × (15 ÷ 1000) = 0.015$ للغرام.
B7: • عائد الطابعة = ساعات الطباعة × 0.30$ (مبلغ يُخصَّص لاسترداد ثمن الطابعة).
B8: 4) سجل المبيعات: عند كل عملية بيع، اختر المنتج من القائمة المنسدلة واكتب الكمية فقط — الباقي يُحسب تلقائياً.
B9: 5) الإعلانات: سجّل مصاريف الإعلانات مستقبلاً، وتُخصم تلقائياً من الربح القابل للتوزيع.
B10: 6) توزيع الأرباح: عدّل نسبة محمد % حسب العقد، وتُحسب حصة كل شريك تلقائياً.
B11: 7) لوحة التحكم: تعطيك الصورة الكاملة لحظياً (إيرادات/أرباح/استرداد رأس مال الطابعة).
B13: منطق مالي مهم:
B14: • عائد الطابعة (0.30$/ساعة) ليس مصروفاً نقدياً — هو مبلغ يرجع لمحمد تدريجياً مقابل ثمن الطابعة المدفوع مسبقاً.
... B17: 🟨 أصفر = أدخل القيمة بنفسك | باقي الخلايا محسوبة، لا تعدّلها.
